sehir,quadkey,pre_tarih,pre_bulut_pct,post_tarih,post_bulut_pct,pre_url,post_url,pre_dolu_pct,post_dolu_pct,esik_gecti
Kahramanmaras,031131233232,2022-07-26,0,2023-02-08,0,https://maxar-opendata.s3.amazonaws.com/events/Kahramanmaras-turkey-earthquake-23/ard/37/031131233232/2022-07-26/10300100D797E100-visual.tif,https://maxar-opendata.s3.amazonaws.com/events/Kahramanmaras-turkey-earthquake-23/ard/37/031131233232/2023-02-08/10300500D9F8D200-visual.tif,5.6,100.0,False
Kahramanmaras,031131233233,2022-07-26,0,2023-02-08,0,https://maxar-opendata.s3.amazonaws.com/events/Kahramanmaras-turkey-earthquake-23/ard/37/031131233233/2022-07-26/10300100D797E100-visual.tif,https://maxar-opendata.s3.amazonaws.com/events/Kahramanmaras-turkey-earthquake-23/ard/37/031131233233/2023-02-08/10300500D9F8D200-visual.tif,58.6,100.0,False
Kahramanmaras,031133011010,2022-07-26,0,2023-02-08,1,https://maxar-opendata.s3.amazonaws.com/events/Kahramanmaras-turkey-earthquake-23/ard/37/031133011010/2022-07-26/10300100D797E100-visual.tif,https://maxar-opendata.s3.amazonaws.com/events/Kahramanmaras-turkey-earthquake-23/ard/37/031133011010/2023-02-08/10300500D9F8D200-visual.tif,2.3,100.0,False
Kahramanmaras,031133011011,2022-07-26,0,2023-02-08,0,https://maxar-opendata.s3.amazonaws.com/events/Kahramanmaras-turkey-earthquake-23/ard/37/031133011011/2022-07-26/10300100D797E100-visual.tif,https://maxar-opendata.s3.amazonaws.com/events/Kahramanmaras-turkey-earthquake-23/ard/37/031133011011/2023-02-08/10300500D9F8D200-visual.tif,26.3,100.0,False
Adiyaman,031131332210,2023-01-18,0,2023-02-08,0,https://maxar-opendata.s3.amazonaws.com/events/Kahramanmaras-turkey-earthquake-23/ard/37/031131332210/2023-01-18/10300500D8F90C00-visual.tif,https://maxar-opendata.s3.amazonaws.com/events/Kahramanmaras-turkey-earthquake-23/ard/37/031131332210/2023-02-08/10300500D9F8CC00-visual.tif,32.4,100.0,False
Adiyaman,031131332211,2023-01-18,0,2023-02-08,0,https://maxar-opendata.s3.amazonaws.com/events/Kahramanmaras-turkey-earthquake-23/ard/37/031131332211/2023-01-18/10300500D8F90C00-visual.tif,https://maxar-opendata.s3.amazonaws.com/events/Kahramanmaras-turkey-earthquake-23/ard/37/031131332211/2023-02-08/10300500D9F8CC00-visual.tif,69.6,100.0,False
Adiyaman,031131332032,2023-01-18,0,2023-02-08,0,https://maxar-opendata.s3.amazonaws.com/events/Kahramanmaras-turkey-earthquake-23/ard/37/031131332032/2023-01-18/10300500D8F90C00-visual.tif,https://maxar-opendata.s3.amazonaws.com/events/Kahramanmaras-turkey-earthquake-23/ard/37/031131332032/2023-02-08/10300500D9F8CC00-visual.tif,21.9,100.0,False
Adiyaman,031131332033,2023-01-18,0,2023-02-08,0,https://maxar-opendata.s3.amazonaws.com/events/Kahramanmaras-turkey-earthquake-23/ard/37/031131332033/2023-01-18/10300500D8F90C00-visual.tif,https://maxar-opendata.s3.amazonaws.com/events/Kahramanmaras-turkey-earthquake-23/ard/37/031131332033/2023-02-08/10300500D9F8CC00-visual.tif,46.7,100.0,False
Antakya,031133023301,2022-12-22,0,2023-03-05,0,https://maxar-opendata.s3.amazonaws.com/events/Kahramanmaras-turkey-earthquake-23/ard/37/031133023301/2022-12-22/10300100DF6BFE00-visual.tif,https://maxar-opendata.s3.amazonaws.com/events/Kahramanmaras-turkey-earthquake-23/ard/37/031133023301/2023-03-05/10300100E32F7A00-visual.tif,42.2,1.7,False
Antakya,031133023231,2021-09-27,0,2023-02-11,0,https://maxar-opendata.s3.amazonaws.com/events/Kahramanmaras-turkey-earthquake-23/ard/37/031133023231/2021-09-27/10300500BFF95000-visual.tif,https://maxar-opendata.s3.amazonaws.com/events/Kahramanmaras-turkey-earthquake-23/ard/37/031133023231/2023-02-11/10300100E2A73B00-visual.tif,2.8,44.6,False
Antakya,031133023302,2022-12-22,0,2023-02-08,0,https://maxar-opendata.s3.amazonaws.com/events/Kahramanmaras-turkey-earthquake-23/ard/37/031133023302/2022-12-22/10300100DF6BFE00-visual.tif,https://maxar-opendata.s3.amazonaws.com/events/Kahramanmaras-turkey-earthquake-23/ard/37/031133023302/2023-02-08/10300500D9F8D500-visual.tif,74.8,100.0,False
Antakya,031133023303,2022-12-22,0,2023-02-08,0,https://maxar-opendata.s3.amazonaws.com/events/Kahramanmaras-turkey-earthquake-23/ard/37/031133023303/2022-12-22/10300100DF6BFE00-visual.tif,https://maxar-opendata.s3.amazonaws.com/events/Kahramanmaras-turkey-earthquake-23/ard/37/031133023303/2023-02-08/10300500D9F8D500-visual.tif,70.1,100.0,False
Antakya,031133023312,2022-12-22,0,2023-02-08,0,https://maxar-opendata.s3.amazonaws.com/events/Kahramanmaras-turkey-earthquake-23/ard/37/031133023312/2022-12-22/10300100DF6BFE00-visual.tif,https://maxar-opendata.s3.amazonaws.com/events/Kahramanmaras-turkey-earthquake-23/ard/37/031133023312/2023-02-08/10300500D9F8D500-visual.tif,7.0,100.0,False
Antakya,031133023320,2022-12-22,0,2023-02-08,0,https://maxar-opendata.s3.amazonaws.com/events/Kahramanmaras-turkey-earthquake-23/ard/37/031133023320/2022-12-22/10300100DF6BFE00-visual.tif,https://maxar-opendata.s3.amazonaws.com/events/Kahramanmaras-turkey-earthquake-23/ard/37/031133023320/2023-02-08/10300500D9F8D500-visual.tif,68.4,100.0,False
Antakya,031133023321,2022-12-22,0,2023-02-08,0,https://maxar-opendata.s3.amazonaws.com/events/Kahramanmaras-turkey-earthquake-23/ard/37/031133023321/2022-12-22/10300100DF6BFE00-visual.tif,https://maxar-opendata.s3.amazonaws.com/events/Kahramanmaras-turkey-earthquake-23/ard/37/031133023321/2023-02-08/10300500D9F8D500-visual.tif,7.0,100.0,False
Antakya,031133023322,2022-12-22,0,2023-02-08,0,https://maxar-opendata.s3.amazonaws.com/events/Kahramanmaras-turkey-earthquake-23/ard/37/031133023322/2022-12-22/10300100DF6BFE00-visual.tif,https://maxar-opendata.s3.amazonaws.com/events/Kahramanmaras-turkey-earthquake-23/ard/37/031133023322/2023-02-08/10300500D9F8D500-visual.tif,20.8,100.0,False
Gaziantep,031133102210,2023-01-02,0,2023-02-08,0,https://maxar-opendata.s3.amazonaws.com/events/Kahramanmaras-turkey-earthquake-23/ard/37/031133102210/2023-01-02/10300100DF1DB000-visual.tif,https://maxar-opendata.s3.amazonaws.com/events/Kahramanmaras-turkey-earthquake-23/ard/37/031133102210/2023-02-08/10300500D9F8D100-visual.tif,76.2,100.0,False
Gaziantep,031133102211,2023-01-02,0,2023-02-08,0,https://maxar-opendata.s3.amazonaws.com/events/Kahramanmaras-turkey-earthquake-23/ard/37/031133102211/2023-01-02/10300100DF1DB000-visual.tif,https://maxar-opendata.s3.amazonaws.com/events/Kahramanmaras-turkey-earthquake-23/ard/37/031133102211/2023-02-08/10300500D9F8D100-visual.tif,86.3,100.0,False
Gaziantep,031133102030,2023-01-02,0,2023-02-08,0,https://maxar-opendata.s3.amazonaws.com/events/Kahramanmaras-turkey-earthquake-23/ard/37/031133102030/2023-01-02/10300100DF1DB000-visual.tif,https://maxar-opendata.s3.amazonaws.com/events/Kahramanmaras-turkey-earthquake-23/ard/37/031133102030/2023-02-08/10300500D9F8D100-visual.tif,79.3,100.0,False
Gaziantep,031133102031,2023-01-02,0,2023-02-08,0,https://maxar-opendata.s3.amazonaws.com/events/Kahramanmaras-turkey-earthquake-23/ard/37/031133102031/2023-01-02/10300100DF1DB000-visual.tif,https://maxar-opendata.s3.amazonaws.com/events/Kahramanmaras-turkey-earthquake-23/ard/37/031133102031/2023-02-08/10300500D9F8D100-visual.tif,70.9,100.0,False
Gaziantep,031133102032,2023-01-02,0,2023-02-08,0,https://maxar-opendata.s3.amazonaws.com/events/Kahramanmaras-turkey-earthquake-23/ard/37/031133102032/2023-01-02/10300100DF1DB000-visual.tif,https://maxar-opendata.s3.amazonaws.com/events/Kahramanmaras-turkey-earthquake-23/ard/37/031133102032/2023-02-08/10300500D9F8D100-visual.tif,100.0,100.0,True
Gaziantep,031133102033,2023-01-02,0,2023-02-08,0,https://maxar-opendata.s3.amazonaws.com/events/Kahramanmaras-turkey-earthquake-23/ard/37/031133102033/2023-01-02/10300100DF1DB000-visual.tif,https://maxar-opendata.s3.amazonaws.com/events/Kahramanmaras-turkey-earthquake-23/ard/37/031133102033/2023-02-08/10300500D9F8D100-visual.tif,100.0,100.0,True
Gaziantep,031133102120,2023-01-02,0,2023-02-08,0,https://maxar-opendata.s3.amazonaws.com/events/Kahramanmaras-turkey-earthquake-23/ard/37/031133102120/2023-01-02/10300100DF1DB000-visual.tif,https://maxar-opendata.s3.amazonaws.com/events/Kahramanmaras-turkey-earthquake-23/ard/37/031133102120/2023-02-08/10300500D9F8D100-visual.tif,31.2,100.0,False
Gaziantep,031133102122,2023-01-02,0,2023-02-08,0,https://maxar-opendata.s3.amazonaws.com/events/Kahramanmaras-turkey-earthquake-23/ard/37/031133102122/2023-01-02/10300100DF1DB000-visual.tif,https://maxar-opendata.s3.amazonaws.com/events/Kahramanmaras-turkey-earthquake-23/ard/37/031133102122/2023-02-08/10300500D9F8D100-visual.tif,47.0,100.0,False
Gaziantep,031133102300,2023-01-02,0,2023-02-08,0,https://maxar-opendata.s3.amazonaws.com/events/Kahramanmaras-turkey-earthquake-23/ard/37/031133102300/2023-01-02/10300100DF1DB000-visual.tif,https://maxar-opendata.s3.amazonaws.com/events/Kahramanmaras-turkey-earthquake-23/ard/37/031133102300/2023-02-08/10300500D9F8D100-visual.tif,41.0,100.0,False
Malatya,031131312231,2021-08-18,0,2023-02-10,0,https://maxar-opendata.s3.amazonaws.com/events/Kahramanmaras-turkey-earthquake-23/ard/37/031131312231/2021-08-18/104001006D138700-visual.tif,https://maxar-opendata.s3.amazonaws.com/events/Kahramanmaras-turkey-earthquake-23/ard/37/031131312231/2023-02-10/10300100E29F9100-visual.tif,26.6,100.0,False
Malatya,031131312320,2021-08-18,0,2023-02-10,0,https://maxar-opendata.s3.amazonaws.com/events/Kahramanmaras-turkey-earthquake-23/ard/37/031131312320/2021-08-18/104001006D138700-visual.tif,https://maxar-opendata.s3.amazonaws.com/events/Kahramanmaras-turkey-earthquake-23/ard/37/031131312320/2023-02-10/10300100E29F9100-visual.tif,27.3,100.0,False
Malatya,031131312233,2021-08-18,0,2023-02-10,0,https://maxar-opendata.s3.amazonaws.com/events/Kahramanmaras-turkey-earthquake-23/ard/37/031131312233/2021-08-18/104001006D138700-visual.tif,https://maxar-opendata.s3.amazonaws.com/events/Kahramanmaras-turkey-earthquake-23/ard/37/031131312233/2023-02-10/10300100E29F9100-visual.tif,48.3,100.0,False
Malatya,031131312322,2021-08-18,0,2023-02-10,0,https://maxar-opendata.s3.amazonaws.com/events/Kahramanmaras-turkey-earthquake-23/ard/37/031131312322/2021-08-18/104001006D138700-visual.tif,https://maxar-opendata.s3.amazonaws.com/events/Kahramanmaras-turkey-earthquake-23/ard/37/031131312322/2023-02-10/10300100E29F9100-visual.tif,51.6,100.0,False
Osmaniye,031133003130,2022-12-27,0,2023-02-08,0,https://maxar-opendata.s3.amazonaws.com/events/Kahramanmaras-turkey-earthquake-23/ard/37/031133003130/2022-12-27/10300100DF069700-visual.tif,https://maxar-opendata.s3.amazonaws.com/events/Kahramanmaras-turkey-earthquake-23/ard/37/031133003130/2023-02-08/10300500D9F8D400-visual.tif,39.2,100.0,False
Osmaniye,031133003131,2022-12-27,0,2023-02-08,0,https://maxar-opendata.s3.amazonaws.com/events/Kahramanmaras-turkey-earthquake-23/ard/37/031133003131/2022-12-27/10300100DF069700-visual.tif,https://maxar-opendata.s3.amazonaws.com/events/Kahramanmaras-turkey-earthquake-23/ard/37/031133003131/2023-02-08/10300500D9F8D400-visual.tif,47.3,100.0,False
Osmaniye,031133003132,2022-12-27,0,2023-02-08,0,https://maxar-opendata.s3.amazonaws.com/events/Kahramanmaras-turkey-earthquake-23/ard/37/031133003132/2022-12-27/10300100DF069700-visual.tif,https://maxar-opendata.s3.amazonaws.com/events/Kahramanmaras-turkey-earthquake-23/ard/37/031133003132/2023-02-08/10300500D9F8D400-visual.tif,13.7,100.0,False
Osmaniye,031133003133,2022-12-27,0,2023-02-08,0,https://maxar-opendata.s3.amazonaws.com/events/Kahramanmaras-turkey-earthquake-23/ard/37/031133003133/2022-12-27/10300100DF069700-visual.tif,https://maxar-opendata.s3.amazonaws.com/events/Kahramanmaras-turkey-earthquake-23/ard/37/031133003133/2023-02-08/10300500D9F8D400-visual.tif,16.1,100.0,False
Kilis,031133031130,2023-01-26,0,2023-02-07,3,https://maxar-opendata.s3.amazonaws.com/events/Kahramanmaras-turkey-earthquake-23/ard/37/031133031130/2023-01-26/10300100E18A1000-visual.tif,https://maxar-opendata.s3.amazonaws.com/events/Kahramanmaras-turkey-earthquake-23/ard/37/031133031130/2023-02-07/1040010082B85E00-visual.tif,93.3,62.6,False
Kilis,031133031132,2023-01-26,0,2023-02-07,2,https://maxar-opendata.s3.amazonaws.com/events/Kahramanmaras-turkey-earthquake-23/ard/37/031133031132/2023-01-26/10300100E18A1000-visual.tif,https://maxar-opendata.s3.amazonaws.com/events/Kahramanmaras-turkey-earthquake-23/ard/37/031133031132/2023-02-07/1040010082B85E00-visual.tif,100.0,100.0,True
Kilis,031133031133,2023-01-26,0,2023-02-07,2,https://maxar-opendata.s3.amazonaws.com/events/Kahramanmaras-turkey-earthquake-23/ard/37/031133031133/2023-01-26/10300100E18A1000-visual.tif,https://maxar-opendata.s3.amazonaws.com/events/Kahramanmaras-turkey-earthquake-23/ard/37/031133031133/2023-02-07/1040010082B85E00-visual.tif,97.7,91.2,True
