sehir,quadkey,pre_tarih,pre_bulut_pct,post_tarih,post_bulut_pct,pre_url,post_url
Kahramanmaras,031131233232,2022-07-26,0,2023-02-08,0,https://maxar-opendata.s3.amazonaws.com/events/Kahramanmaras-turkey-earthquake-23/ard/37/031131233232/2022-07-26/10300100D797E100-visual.tif,https://maxar-opendata.s3.amazonaws.com/events/Kahramanmaras-turkey-earthquake-23/ard/37/031131233232/2023-02-08/10300500D9F8D200-visual.tif
Kahramanmaras,031131233233,2022-07-26,0,2023-02-08,0,https://maxar-opendata.s3.amazonaws.com/events/Kahramanmaras-turkey-earthquake-23/ard/37/031131233233/2022-07-26/10300100D797E100-visual.tif,https://maxar-opendata.s3.amazonaws.com/events/Kahramanmaras-turkey-earthquake-23/ard/37/031131233233/2023-02-08/10300500D9F8D200-visual.tif
Kahramanmaras,031133011010,2022-07-26,0,2023-02-08,1,https://maxar-opendata.s3.amazonaws.com/events/Kahramanmaras-turkey-earthquake-23/ard/37/031133011010/2022-07-26/10300100D797E100-visual.tif,https://maxar-opendata.s3.amazonaws.com/events/Kahramanmaras-turkey-earthquake-23/ard/37/031133011010/2023-02-08/10300500D9F8D200-visual.tif
Kahramanmaras,031133011011,2022-07-26,0,2023-02-08,0,https://maxar-opendata.s3.amazonaws.com/events/Kahramanmaras-turkey-earthquake-23/ard/37/031133011011/2022-07-26/10300100D797E100-visual.tif,https://maxar-opendata.s3.amazonaws.com/events/Kahramanmaras-turkey-earthquake-23/ard/37/031133011011/2023-02-08/10300500D9F8D200-visual.tif
Adiyaman,031131332210,2023-01-18,0,2023-02-08,0,https://maxar-opendata.s3.amazonaws.com/events/Kahramanmaras-turkey-earthquake-23/ard/37/031131332210/2023-01-18/10300500D8F90C00-visual.tif,https://maxar-opendata.s3.amazonaws.com/events/Kahramanmaras-turkey-earthquake-23/ard/37/031131332210/2023-02-08/10300500D9F8CC00-visual.tif
Adiyaman,031131332211,2023-01-18,0,2023-02-08,0,https://maxar-opendata.s3.amazonaws.com/events/Kahramanmaras-turkey-earthquake-23/ard/37/031131332211/2023-01-18/10300500D8F90C00-visual.tif,https://maxar-opendata.s3.amazonaws.com/events/Kahramanmaras-turkey-earthquake-23/ard/37/031131332211/2023-02-08/10300500D9F8CC00-visual.tif
Adiyaman,031131332032,2023-01-18,0,2023-02-08,0,https://maxar-opendata.s3.amazonaws.com/events/Kahramanmaras-turkey-earthquake-23/ard/37/031131332032/2023-01-18/10300500D8F90C00-visual.tif,https://maxar-opendata.s3.amazonaws.com/events/Kahramanmaras-turkey-earthquake-23/ard/37/031131332032/2023-02-08/10300500D9F8CC00-visual.tif
Adiyaman,031131332033,2023-01-18,0,2023-02-08,0,https://maxar-opendata.s3.amazonaws.com/events/Kahramanmaras-turkey-earthquake-23/ard/37/031131332033/2023-01-18/10300500D8F90C00-visual.tif,https://maxar-opendata.s3.amazonaws.com/events/Kahramanmaras-turkey-earthquake-23/ard/37/031131332033/2023-02-08/10300500D9F8CC00-visual.tif
Antakya,031133023301,2022-12-22,0,2023-03-05,0,https://maxar-opendata.s3.amazonaws.com/events/Kahramanmaras-turkey-earthquake-23/ard/37/031133023301/2022-12-22/10300100DF6BFE00-visual.tif,https://maxar-opendata.s3.amazonaws.com/events/Kahramanmaras-turkey-earthquake-23/ard/37/031133023301/2023-03-05/10300100E32F7A00-visual.tif
Antakya,031133023231,2021-09-27,0,2023-02-11,0,https://maxar-opendata.s3.amazonaws.com/events/Kahramanmaras-turkey-earthquake-23/ard/37/031133023231/2021-09-27/10300500BFF95000-visual.tif,https://maxar-opendata.s3.amazonaws.com/events/Kahramanmaras-turkey-earthquake-23/ard/37/031133023231/2023-02-11/10300100E2A73B00-visual.tif
Antakya,031133023302,2022-12-22,0,2023-02-08,0,https://maxar-opendata.s3.amazonaws.com/events/Kahramanmaras-turkey-earthquake-23/ard/37/031133023302/2022-12-22/10300100DF6BFE00-visual.tif,https://maxar-opendata.s3.amazonaws.com/events/Kahramanmaras-turkey-earthquake-23/ard/37/031133023302/2023-02-08/10300500D9F8D500-visual.tif
Antakya,031133023303,2022-12-22,0,2023-02-08,0,https://maxar-opendata.s3.amazonaws.com/events/Kahramanmaras-turkey-earthquake-23/ard/37/031133023303/2022-12-22/10300100DF6BFE00-visual.tif,https://maxar-opendata.s3.amazonaws.com/events/Kahramanmaras-turkey-earthquake-23/ard/37/031133023303/2023-02-08/10300500D9F8D500-visual.tif
Antakya,031133023312,2022-12-22,0,2023-02-08,0,https://maxar-opendata.s3.amazonaws.com/events/Kahramanmaras-turkey-earthquake-23/ard/37/031133023312/2022-12-22/10300100DF6BFE00-visual.tif,https://maxar-opendata.s3.amazonaws.com/events/Kahramanmaras-turkey-earthquake-23/ard/37/031133023312/2023-02-08/10300500D9F8D500-visual.tif
Antakya,031133023320,2022-12-22,0,2023-02-08,0,https://maxar-opendata.s3.amazonaws.com/events/Kahramanmaras-turkey-earthquake-23/ard/37/031133023320/2022-12-22/10300100DF6BFE00-visual.tif,https://maxar-opendata.s3.amazonaws.com/events/Kahramanmaras-turkey-earthquake-23/ard/37/031133023320/2023-02-08/10300500D9F8D500-visual.tif
Antakya,031133023321,2022-12-22,0,2023-02-08,0,https://maxar-opendata.s3.amazonaws.com/events/Kahramanmaras-turkey-earthquake-23/ard/37/031133023321/2022-12-22/10300100DF6BFE00-visual.tif,https://maxar-opendata.s3.amazonaws.com/events/Kahramanmaras-turkey-earthquake-23/ard/37/031133023321/2023-02-08/10300500D9F8D500-visual.tif
Antakya,031133023322,2022-12-22,0,2023-02-08,0,https://maxar-opendata.s3.amazonaws.com/events/Kahramanmaras-turkey-earthquake-23/ard/37/031133023322/2022-12-22/10300100DF6BFE00-visual.tif,https://maxar-opendata.s3.amazonaws.com/events/Kahramanmaras-turkey-earthquake-23/ard/37/031133023322/2023-02-08/10300500D9F8D500-visual.tif
Gaziantep,031133102210,2023-01-02,0,2023-02-08,0,https://maxar-opendata.s3.amazonaws.com/events/Kahramanmaras-turkey-earthquake-23/ard/37/031133102210/2023-01-02/10300100DF1DB000-visual.tif,https://maxar-opendata.s3.amazonaws.com/events/Kahramanmaras-turkey-earthquake-23/ard/37/031133102210/2023-02-08/10300500D9F8D100-visual.tif
Gaziantep,031133102211,2023-01-02,0,2023-02-08,0,https://maxar-opendata.s3.amazonaws.com/events/Kahramanmaras-turkey-earthquake-23/ard/37/031133102211/2023-01-02/10300100DF1DB000-visual.tif,https://maxar-opendata.s3.amazonaws.com/events/Kahramanmaras-turkey-earthquake-23/ard/37/031133102211/2023-02-08/10300500D9F8D100-visual.tif
Gaziantep,031133102030,2023-01-02,0,2023-02-08,0,https://maxar-opendata.s3.amazonaws.com/events/Kahramanmaras-turkey-earthquake-23/ard/37/031133102030/2023-01-02/10300100DF1DB000-visual.tif,https://maxar-opendata.s3.amazonaws.com/events/Kahramanmaras-turkey-earthquake-23/ard/37/031133102030/2023-02-08/10300500D9F8D100-visual.tif
Gaziantep,031133102031,2023-01-02,0,2023-02-08,0,https://maxar-opendata.s3.amazonaws.com/events/Kahramanmaras-turkey-earthquake-23/ard/37/031133102031/2023-01-02/10300100DF1DB000-visual.tif,https://maxar-opendata.s3.amazonaws.com/events/Kahramanmaras-turkey-earthquake-23/ard/37/031133102031/2023-02-08/10300500D9F8D100-visual.tif
Gaziantep,031133102032,2023-01-02,0,2023-02-08,0,https://maxar-opendata.s3.amazonaws.com/events/Kahramanmaras-turkey-earthquake-23/ard/37/031133102032/2023-01-02/10300100DF1DB000-visual.tif,https://maxar-opendata.s3.amazonaws.com/events/Kahramanmaras-turkey-earthquake-23/ard/37/031133102032/2023-02-08/10300500D9F8D100-visual.tif
Gaziantep,031133102033,2023-01-02,0,2023-02-08,0,https://maxar-opendata.s3.amazonaws.com/events/Kahramanmaras-turkey-earthquake-23/ard/37/031133102033/2023-01-02/10300100DF1DB000-visual.tif,https://maxar-opendata.s3.amazonaws.com/events/Kahramanmaras-turkey-earthquake-23/ard/37/031133102033/2023-02-08/10300500D9F8D100-visual.tif
Gaziantep,031133102120,2023-01-02,0,2023-02-08,0,https://maxar-opendata.s3.amazonaws.com/events/Kahramanmaras-turkey-earthquake-23/ard/37/031133102120/2023-01-02/10300100DF1DB000-visual.tif,https://maxar-opendata.s3.amazonaws.com/events/Kahramanmaras-turkey-earthquake-23/ard/37/031133102120/2023-02-08/10300500D9F8D100-visual.tif
Gaziantep,031133102122,2023-01-02,0,2023-02-08,0,https://maxar-opendata.s3.amazonaws.com/events/Kahramanmaras-turkey-earthquake-23/ard/37/031133102122/2023-01-02/10300100DF1DB000-visual.tif,https://maxar-opendata.s3.amazonaws.com/events/Kahramanmaras-turkey-earthquake-23/ard/37/031133102122/2023-02-08/10300500D9F8D100-visual.tif
Gaziantep,031133102300,2023-01-02,0,2023-02-08,0,https://maxar-opendata.s3.amazonaws.com/events/Kahramanmaras-turkey-earthquake-23/ard/37/031133102300/2023-01-02/10300100DF1DB000-visual.tif,https://maxar-opendata.s3.amazonaws.com/events/Kahramanmaras-turkey-earthquake-23/ard/37/031133102300/2023-02-08/10300500D9F8D100-visual.tif
Malatya,031131312231,2021-08-18,0,2023-02-10,0,https://maxar-opendata.s3.amazonaws.com/events/Kahramanmaras-turkey-earthquake-23/ard/37/031131312231/2021-08-18/104001006D138700-visual.tif,https://maxar-opendata.s3.amazonaws.com/events/Kahramanmaras-turkey-earthquake-23/ard/37/031131312231/2023-02-10/10300100E29F9100-visual.tif
Malatya,031131312320,2021-08-18,0,2023-02-10,0,https://maxar-opendata.s3.amazonaws.com/events/Kahramanmaras-turkey-earthquake-23/ard/37/031131312320/2021-08-18/104001006D138700-visual.tif,https://maxar-opendata.s3.amazonaws.com/events/Kahramanmaras-turkey-earthquake-23/ard/37/031131312320/2023-02-10/10300100E29F9100-visual.tif
Malatya,031131312233,2021-08-18,0,2023-02-10,0,https://maxar-opendata.s3.amazonaws.com/events/Kahramanmaras-turkey-earthquake-23/ard/37/031131312233/2021-08-18/104001006D138700-visual.tif,https://maxar-opendata.s3.amazonaws.com/events/Kahramanmaras-turkey-earthquake-23/ard/37/031131312233/2023-02-10/10300100E29F9100-visual.tif
Malatya,031131312322,2021-08-18,0,2023-02-10,0,https://maxar-opendata.s3.amazonaws.com/events/Kahramanmaras-turkey-earthquake-23/ard/37/031131312322/2021-08-18/104001006D138700-visual.tif,https://maxar-opendata.s3.amazonaws.com/events/Kahramanmaras-turkey-earthquake-23/ard/37/031131312322/2023-02-10/10300100E29F9100-visual.tif
Osmaniye,031133003130,2022-12-27,0,2023-02-08,0,https://maxar-opendata.s3.amazonaws.com/events/Kahramanmaras-turkey-earthquake-23/ard/37/031133003130/2022-12-27/10300100DF069700-visual.tif,https://maxar-opendata.s3.amazonaws.com/events/Kahramanmaras-turkey-earthquake-23/ard/37/031133003130/2023-02-08/10300500D9F8D400-visual.tif
Osmaniye,031133003131,2022-12-27,0,2023-02-08,0,https://maxar-opendata.s3.amazonaws.com/events/Kahramanmaras-turkey-earthquake-23/ard/37/031133003131/2022-12-27/10300100DF069700-visual.tif,https://maxar-opendata.s3.amazonaws.com/events/Kahramanmaras-turkey-earthquake-23/ard/37/031133003131/2023-02-08/10300500D9F8D400-visual.tif
Osmaniye,031133003132,2022-12-27,0,2023-02-08,0,https://maxar-opendata.s3.amazonaws.com/events/Kahramanmaras-turkey-earthquake-23/ard/37/031133003132/2022-12-27/10300100DF069700-visual.tif,https://maxar-opendata.s3.amazonaws.com/events/Kahramanmaras-turkey-earthquake-23/ard/37/031133003132/2023-02-08/10300500D9F8D400-visual.tif
Osmaniye,031133003133,2022-12-27,0,2023-02-08,0,https://maxar-opendata.s3.amazonaws.com/events/Kahramanmaras-turkey-earthquake-23/ard/37/031133003133/2022-12-27/10300100DF069700-visual.tif,https://maxar-opendata.s3.amazonaws.com/events/Kahramanmaras-turkey-earthquake-23/ard/37/031133003133/2023-02-08/10300500D9F8D400-visual.tif
Kilis,031133031130,2023-01-26,0,2023-02-07,3,https://maxar-opendata.s3.amazonaws.com/events/Kahramanmaras-turkey-earthquake-23/ard/37/031133031130/2023-01-26/10300100E18A1000-visual.tif,https://maxar-opendata.s3.amazonaws.com/events/Kahramanmaras-turkey-earthquake-23/ard/37/031133031130/2023-02-07/1040010082B85E00-visual.tif
Kilis,031133031132,2023-01-26,0,2023-02-07,2,https://maxar-opendata.s3.amazonaws.com/events/Kahramanmaras-turkey-earthquake-23/ard/37/031133031132/2023-01-26/10300100E18A1000-visual.tif,https://maxar-opendata.s3.amazonaws.com/events/Kahramanmaras-turkey-earthquake-23/ard/37/031133031132/2023-02-07/1040010082B85E00-visual.tif
Kilis,031133031133,2023-01-26,0,2023-02-07,2,https://maxar-opendata.s3.amazonaws.com/events/Kahramanmaras-turkey-earthquake-23/ard/37/031133031133/2023-01-26/10300100E18A1000-visual.tif,https://maxar-opendata.s3.amazonaws.com/events/Kahramanmaras-turkey-earthquake-23/ard/37/031133031133/2023-02-07/1040010082B85E00-visual.tif
